{
  "version": "33.0.0",
  "files": {
    "8910fb05605d88c9c712dfada67c0ee700213c9b8a166185c2d8918968b517c0": {
      "source": {
        "path": "asset.8910fb05605d88c9c712dfada67c0ee700213c9b8a166185c2d8918968b517c0",
        "packaging": "zip"
      },
      "destinations": {
        "current_account-current_region": {
          "bucketName": "cdk-hnb659fds-assets-${AWS::AccountId}-${AWS::Region}",
          "objectKey": "8910fb05605d88c9c712dfada67c0ee700213c9b8a166185c2d8918968b517c0.zip",
          "assumeRoleArn": "arn:${AWS::Partition}:iam::${AWS::AccountId}:role/cdk-hnb659fds-file-publishing-role-${AWS::AccountId}-${AWS::Region}"
        }
      }
    },
    "1721489317a2b32f9a161db8a23bdf551369a4ea91bca567ddb93127be7f6d40": {
      "source": {
        "path": "CdkFolderStack.template.json",
        "packaging": "file"
      },
      "destinations": {
        "current_account-current_region": {
          "bucketName": "cdk-hnb659fds-assets-${AWS::AccountId}-${AWS::Region}",
          "objectKey": "1721489317a2b32f9a161db8a23bdf551369a4ea91bca567ddb93127be7f6d40.json",
          "assumeRoleArn": "arn:${AWS::Partition}:iam::${AWS::AccountId}:role/cdk-hnb659fds-file-publishing-role-${AWS::AccountId}-${AWS::Region}"
        }
      }
    }
  },
  "dockerImages": {}
}